name,email,status,role
James,jbutt@gmail.com,active,merchant
Josephine,josephine_darakjy@darakjy.org,active,admin
Art,art@venere.org,active,merchant
Lenna,lpaprocki@hotmail.com,active,admin
Donette,donette.foller@cox.net,active,merchant
Simona,simona@morasca.com,active,admin
Mitsue,mitsue_tollner@yahoo.com,active,merchant
Leota,leota@hotmail.com,active,admin
Sage,sage_wieser@cox.net,active,merchant
Kris,kris@gmail.com,active,admin
Minna,minna_amigon@yahoo.com,active,merchant
Abel,amaclead@gmail.com,active,admin
Kiley,kiley.caldarera@aol.com,active,merchant
Graciela,gruta@cox.net,active,admin
Cammy,calbares@gmail.com,active,merchant
Mattie,mattie@aol.com,active,admin
Meaghan,meaghan@hotmail.com,active,merchant
Gladys,gladys.rim@rim.org,active,admin
Yuki,yuki_whobrey@aol.com,active,merchant
Fletcher,fletcher.flosi@yahoo.com,active,admin
Bette,bette_nicka@cox.net,active,merchant
Veronika,vinouye@aol.com,active,admin
Willard,willard@hotmail.com,active,merchant
Maryann,mroyster@royster.com,active,admin
Alisha,alisha@slusarski.com,active,merchant
Allene,allene_iturbide@cox.net,active,admin
Chanel,chanel.caudy@caudy.org,active,merchant
Ezekiel,ezekiel@chui.com,active,admin
Willow,wkusko@yahoo.com,active,merchant
Bernardo,bfigeroa@aol.com,active,admin
Ammie,ammie@corrio.com,active,merchant
Francine,francine_vocelka@vocelka.com,active,merchant
Ernie,ernie_stenseth@aol.com,active,merchant
Albina,albina@glick.com,active,merchant
Alishia,asergi@gmail.com,active,merchant
Solange,solange@shinko.com,active,merchant
Jose,jose@yahoo.com,active,merchant
Rozella,rozella.ostrosky@ostrosky.com,active,merchant
Valentine,valentine_gillian@gmail.com,active,merchant
Kati,kati.rulapaugh@hotmail.com,active,merchant
Youlanda,youlanda@aol.com,active,merchant
Dyan,doldroyd@aol.com,active,merchant
Roxane,roxane@hotmail.com,active,merchant
Lavera,lperin@perin.org,active,merchant
Erick,erick.ferencz@aol.com,active,merchant
Fatima,fsaylors@saylors.org,active,merchant
Jina,jina_briddick@briddick.com,active,merchant
Kanisha,kanisha_waycott@yahoo.com,active,merchant
Emerson,emerson.bowley@bowley.org,active,merchant
Blair,bmalet@yahoo.com,active,merchant
Brock,bbolognia@yahoo.com,active,merchant
Lorrie,lnestle@hotmail.com,active,merchant
Sabra,sabra@uyetake.org,active,merchant
Marjory,mmastella@mastella.com,active,merchant
Karl,karl_klonowski@yahoo.com,active,merchant
Tonette,twenner@aol.com,active,merchant
Amber,amber_monarrez@monarrez.org,active,merchant
Shenika,shenika@gmail.com,active,merchant
Delmy,delmy.ahle@hotmail.com,active,merchant
Deeanna,deeanna_juhas@gmail.com,active,merchant
Blondell,bpugh@aol.com,active,merchant
Jamal,jamal@vanausdal.org,active,merchant
Cecily,cecily@hollack.org,active,merchant
Carmelina,carmelina_lindall@lindall.com,active,merchant
Maurine,maurine_yglesias@yglesias.com,active,merchant
Tawna,tawna@gmail.com,active,merchant
Penney,penney_weight@aol.com,active,merchant
Elly,elly_morocco@gmail.com,active,merchant
Ilene,ilene.eroman@hotmail.com,active,merchant
Vallie,vmondella@mondella.com,active,merchant
Kallie,kallie.blackwood@gmail.com,active,merchant
Johnetta,johnetta_abdallah@aol.com,active,merchant
Bobbye,brhym@rhym.com,active,merchant
Micaela,micaela_rhymes@gmail.com,active,merchant
Tamar,tamar@hotmail.com,active,merchant
Moon,moon@yahoo.com,active,merchant
Laurel,laurel_reitler@reitler.com,active,merchant
Delisa,delisa.crupi@crupi.com,active,merchant
Viva,viva.toelkes@gmail.com,active,merchant
Elza,elza@yahoo.com,active,merchant
Devorah,devorah@hotmail.com,active,merchant
Timothy,timothy_mulqueen@mulqueen.org,active,merchant
Arlette,ahoneywell@honeywell.com,active,merchant
Dominque,dominque.dickerson@dickerson.org,active,merchant
Lettie,lettie_isenhower@yahoo.com,active,merchant
Myra,mmunns@cox.net,active,merchant
Stephaine,stephaine@barfield.com,active,merchant
Lai,lai.gato@gato.org,active,merchant
Stephen,stephen_emigh@hotmail.com,active,merchant
Tyra,tshields@gmail.com,active,merchant
Tammara,twardrip@cox.net,active,merchant
Cory,cory.gibes@gmail.com,active,admin
Danica,danica_bruschke@gmail.com,active,admin
Wilda,wilda@cox.net,active,admin
Elvera,elvera.benimadho@cox.net,active,admin
Carma,carma@cox.net,active,admin
Malinda,malinda.hochard@yahoo.com,active,admin
Natalie,natalie.fern@hotmail.com,active,admin
Lisha,lisha@centini.org,active,admin
Arlene,arlene_klusman@gmail.com,active,admin
